,Year,Youth_Unemployment,GDP_Growth,Inflation,FDI,Internet_usage,Electricity_access
0,2000,7.571,5.01593475936546,6.9332921556516,1.64832098964767,0.0640808079494101,43.2
1,2001,7.539,5.91768464924425,18.8736462093863,1.61861555824339,0.089901370457273,43.9
2,2002,7.219,15.3291557409618,12.8765792031099,1.97158413526786,0.320461975542327,44.6
3,2003,7.233,7.34719496793299,14.0317836131437,1.91462056992191,0.558576244860521,52.2
4,2004,7.228,9.25055822923169,14.9980338183251,1.38037387490881,1.28613764134527,46.1
5,2005,7.538,6.43851652535925,17.8634933661605,2.83629405374322,3.54915571796492,46.8
6,2006,7.687,6.05942803202491,8.22743678120907,2.03575267319875,5.54503608300536,47.6
7,2007,7.859,6.59113036066867,5.38610421570143,2.16919536982392,6.769999981,50.1
8,2008,7.921,6.76447277784263,11.583054796681,2.41373918254011,8.0,50.3
9,2009,7.836,8.03692510100366,12.5379242951095,2.90024873175983,9.300000191,50.0
10,2010,7.861,8.00565591623166,13.7400521363694,1.64207369186652,11.5,48.0
11,2011,7.896,5.30792420293915,10.8261371880018,2.133117701613,13.80000019,55.9
12,2012,7.861,4.23006117492493,12.2242413020582,1.52378233769127,16.10000038,53.0
13,2013,7.713,6.67133539308232,8.49551838265678,1.06953936497778,19.10000038,55.6
14,2014,8.044,6.30971865521856,8.04741087967907,0.817478467870197,21.0,54.2
15,2015,8.457,2.65269329541779,9.00943498007706,0.621501637000126,22.51420021,52.5
16,2016,9.1,-1.61686894903467,15.6968126387972,0.853395742751916,24.13750076,59.3
17,2017,9.707,0.805886619091581,16.5022662139641,0.642182922336257,25.87789917,54.4
18,2018,10.138,1.92275734199798,12.0951065173432,0.183821495682229,27.74370003,56.5
19,2019,10.418,2.20842927835211,11.3964223378115,0.344961215906745,29.74410057,55.4
20,2020,10.842,-6.36889840468527,13.2460234276598,0.398484830423335,31.88879967,55.4
21,2021,8.991,1.109252540249,16.9528457221608,0.543909122159359,35.50979996,59.5
22,2022,6.024,4.31882949157136,18.8471877843274,-0.0288727652155146,39.14720154,60.5
23,2023,5.131,3.31590368111438,24.659550203114,0.384195197916836,40.06399918,61.2
24,2024,5.088,4.07106650147703,33.2416590552749,0.639824358730627,41.21139908,62.5
